B0,,nu_xent_exp,,observed,
X,Y,X,Y,X,Y
1.05415094371428,1.6038170154923606,1.529518700375199,1.275806178929038,1.0535332181596573,1.7022465307037251
1.235729776745842,2.999506273721437,2.713821587157348,2.3637790948351096,3.018913492547803,10.748489351803336
1.4426749385709066,4.8603990459257105,4.454045844154628,2.4546320210957333,5.091975250003632,9.884364771025382
1.5970376096773968,6.6482824466607156,6.19446331389679,2.455930840103008,7.0254117351563785,13.736553902730442
1.7517348250736333,8.28110456909593,7.9348807836389526,2.4572296591102756,9.019580061536892,9.439534625362384
2.064297587080816,10.078227295950832,9.67541632783632,2.4038009681293957,13.033420223445528,9.024619580707132
3.1694530197298434,11.183554473261893,11.415715723123277,2.459827297124818,17.03888802124006,12.490295302944034
4.909201400892503,11.49497584886872,13.156133192865443,2.4611261161320925,11.035452131813233,15.08283005228008
6.649243179186282,11.670407654201945,14.89662580089728,2.4275983378741657,15.041885971620932,18.100745301414044
8.38892000007306,12.014997217680381,16.63720428126018,2.3542687341703186,18.975029424029675,15.088755109960843
10.127094055166303,13.056118726462635,18.37762175100234,2.3555675531775933,21.00867666734828,12.493257831784412
11.868499056715645,12.599696552841685,20.118039220744503,2.356866372184861,22.997306352853297,10.763398600206564
13.609034600913013,12.546267861860798,21.858456690486666,2.3581651911921355,25.016076549169146,15.063412607815437
15.349011974958504,12.751551036278478,23.598874160228828,2.359464010199403,26.999038788196923,15.960414818441514
17.088946412838457,12.976735123419118,25.33939897038481,2.3110105473992633,28.982065430025575,16.82756633086072
18.828966723049472,13.162117385113831,27.079945248623563,2.2526066282376362,31.00457098879234,19.39623984247156
20.568911894970807,13.382326244073724,28.820362718365725,2.253905447244911,32.992234632284195,18.114141083996643
22.30886780093353,13.597559874852884,30.560780188107895,2.2552042662521785,34.97526127411285,18.981292596415862
24.048802238813483,13.822743961993524,32.346403306414786,2.2565368208180843,36.93967550648783,28.47529589061842
25.788736676693436,14.047928049134157,34.04161512759222,2.257801904266728,38.9264375107674,27.61110690703959
27.528671114573388,14.273112136274797,35.78217213987236,2.1944227569243466,40.944306067870954,32.329030689544545
29.268090318466992,14.737107176091037,37.40402138850453,2.1508559664635456,42.978790547600966,29.345474334678897
30.848068457008967,15.767054547794217,39.26310368572912,2.1522433413122215,44.99446940947465,15.078321856218665
32.190148632728466,17.060235499828288,40.94418874173007,2.1534978823987956,46.97556396727697,16.840994314843762
33.76829244286532,18.94039408730707,42.743938625213445,2.1548409793267638,48.95208592621698,20.723066346156124
34.63562409684454,20.274570490188793,44.4843560949556,2.1561397983340385,50.938847930496536,19.85887736257729
35.34474385247755,21.604980317949433,46.22495067638057,2.075347352359074,52.97623053626607,15.53203958840281
35.974877701300244,22.877867222994908,47.96542718335034,2.0492824163722645,54.951786453192895,19.86187209281811
36.60501155012294,24.150754128040383,49.7058446530925,2.050581235379539,56.941253375109326,17.74395378455104
37.314095883419384,25.497582208797468,51.44626212283467,2.0518800543868068,58.96202005825238,21.118596147747176
38.2607358999235,26.739823310688614,53.18667959257682,2.0531788733940814,60.93660993316604,25.89618912526541
39.9181364852935,28.551957306897826,54.927118530401756,2.044527236039862,62.93213071836503,40.972305185551754
41.41944379095652,29.378344988702793,56.6677292128888,1.9562719477938018,64.93376976964738,33.212604916187615
42.608802411229775,28.1229854314796,58.2301709094901,1.9474874766774803,66.90372264289785,40.13944816459998
43.16550378845203,26.764332194033592,60.14858562045589,1.9489191294468569,68.9661579382088,24.20068878795587
43.64319367606534,25.360013661036525,61.88900309019806,1.9502179484541315,70.95671970774015,21.575308610172137
44.121040996285586,23.882725114721907,63.629420559940215,1.9515167674613991,72.99126859027106,18.561901557099617
44.598888316505835,22.40543656840729,65.36991316797206,1.9179889892034723,74.97429523209968,19.429053069518837
45.07646012966394,21.055845545398377,67.11049164833496,1.8446593854996252,76.96389095961788,17.251433364838043
45.63307295104478,19.738237940443483,68.85090911807713,1.8459582045068998,78.94498551742024,19.014105823463133
46.427094143693935,18.384322440512634,70.5913265878193,1.8472570235141674,80.96839271539928,21.16486956017789
47.774350512702284,17.27833780316689,72.50974129878509,1.848688676283551,82.90079875573794,25.49466986319274
49.51537982280324,16.996048615871906,74.07216152730362,1.8498546615287097,84.93727972229522,21.585741863914343
51.255475271303936,17.146604280301418,75.41702957210438,1.8508582943979661,86.90626655353246,28.960345585429657
52.99540970918389,17.371788367442058,105.40062057830418,1.4354133237543394,88.93901215763883,26.7827580821493
54.73531194493971,17.611898139124925,107.14103804804634,1.436712142761614,90.92487252270611,26.336478873466547
56.47479555308159,18.046041809856703,108.88145551778851,1.4380109617688888,92.92000689109975,21.59169912299555
57.97597136673767,18.933376036875757,110.62187298753067,1.4393097807761563,94.93684500338928,26.787234076810314
59.001633977472125,20.21613544230717,112.36229045727282,1.440608599783431,96.88882949519483,22.042422124938874
59.7101456496608,21.82839194650682,114.10275086318052,1.4220065060677385,98.90476596827203,27.655866853649712
60.26067763659853,23.329251105942014,115.84335081162618,1.338726446002397,100.89990033666568,22.911087103178716
60.732188294389374,24.789005595658487,117.58377901540973,1.3350500368289318,102.93077825954659,21.599169847897386
61.29674162288286,27.124471089858588,119.32419648515187,1.3363488558362064,104.86228266067297,26.34687992580833
61.673103948853225,28.684488503213558,121.06461395489404,1.3376476748434811,106.88852358189065,27.18421294142111
61.98647355297098,30.107639911816044,122.80503142463621,1.3389464938507487,108.86311345680433,31.961805918939355
62.29981363847493,31.54447319791558,124.54555623479223,1.2904930310506018,110.89482861609656,30.2618295869688
62.61309468675128,33.008670239009184,126.28610251303095,1.2320891118889747,112.88068898116387,29.815550378286055
62.92646429086905,34.43182164761168,128.02651998277312,1.2333879308962494,114.86378002579343,30.652851192498396
63.3028266168394,35.99183906096664,129.7669374525153,1.234686749903517,116.89459354587342,29.37078463542393
63.55314446187694,37.30548821981074,131.50735492225746,1.2359855689107917,118.89062955347939,24.208095110056853
64.02445832890912,38.856455226174134,133.2477723919996,1.2372843879180593,120.86058242672979,31.134938358469213
65.12876219427515,40.35648383915736,134.98838307448665,1.1490290996719779,122.85017815424803,28.957318653788427
66.2383543640289,39.4053833684286,136.72884348039435,1.1304270059562924,124.88292375835431,26.77973115050807
66.715926177187,38.05579234541968,138.46926095013652,1.13172582496356,126.87709208473484,22.48271187314002
67.19408836262114,36.432563772469976,139.49768945498414,1.132493308922406,128.84987868122397,28.09612440045042
67.35455154724661,35.392859157150205,,,130.876956838853,28.54539833937399
67.67352968798667,34.21645384131524,,,132.86094952269485,28.964789378690263
67.99280301486475,32.903229750509894,,,134.8318684379585,35.44387215399968
68.31207634174282,31.590005659704545,,,136.827067209153,30.669241705321816
68.6313496686209,30.27678156889919,,,138.90476596827202,27.655866853649748
68.95062299549896,28.963557478093833,,,,
69.26986680376322,27.664015264785526,,,,
69.74752717276273,26.273378609285494,,,,
70.22529577667952,24.832575069629648,,,,
70.78198731436385,23.478482458015982,,,,
71.49683958479712,22.15187167585161,,,,
72.76530272303795,20.8990587699464,,,,
74.50676139479421,20.417760455421735,,,,
76.24665289650862,20.662845455285343,,,,
77.98590035574011,21.206444145993444,,,,
79.7248365277715,21.894324453943042,,,,
81.46372976363737,22.602105674615622,,,,
83.20275180799982,23.250184157119286,,,,
84.94211734168651,23.739055337839233,,,,
86.68174049236637,24.10852104222137,,,,
88.4215675898325,24.38345741116943,,,,
90.16146982558831,24.623567182852298,,,,
91.90141499750965,24.84377604181219,,,,
93.64138163751375,25.05403444441061,,,,
95.38134827751786,25.264292847009024,,,,
97.12131491752196,25.474551249607444,,,,
98.86126008944329,25.694760108567337,,,,
100.60123746348877,25.900043282985017,,,,
102.3411933694515,26.11527691376417,,,,
103.68568751181077,26.289584328262585,,,,
106.29561421472727,26.61575159321849,,,,
108.03561305685552,26.811084311274676,,,,
109.77554749473546,27.036268398415324,,,,
111.51551413473959,27.246526801013736,,,,
113.25548077474369,27.456785203612156,,,,
114.995425946665,27.67699406257205,,,,
116.73539258666912,27.887252465170462,,,,
118.47535922667322,28.09751086776889,,,,
120.21530439859455,28.317719726728782,,,,
121.79713475561064,28.489163835688444,,,,
124.16978964811861,28.78834303709865,,,,
125.90971335195718,29.018502352420036,,,,
127.6496799919613,29.228760755018442,,,,
129.3896466319654,29.439019157616862,,,,
131.1295918038867,29.659228016576762,,,,
132.86955844389084,29.869486419175175,,,,
134.60952508389494,30.079744821773595,,,,
136.03313192253904,30.25280823754752,,,,
138.24760299559003,30.535206298690824,,,,
139.35489808048794,30.648804658640742,,,,
